,age,basic,capital-gain,capital-loss,education,education-num,fnlwgt,hours-per-week,marital-status,native-country,occupation,race,relationship,sex,workclass
auc,0.8358423820953457,0.8535885568575124,0.8121819385196895,0.8443934483032907,0.8465885716204159,0.8482895544849316,0.8301430018750883,0.8431849635896358,0.8458650397320173,0.8298611725638338,0.8444042194515274,0.8503559334573816,0.8496568579713792,0.8416066706406807,0.8320080189782538
auc_diff,-0.017746174762166778,0.0,-0.041406618337823,-0.009195108554221787,-0.006999985237096551,-0.005299002372580852,-0.023445554982424177,-0.010403593267876654,-0.007723517125495127,-0.0237273842936786,-0.00918433740598501,-0.003232623400130863,-0.003931698886133206,-0.011981886216831716,-0.02158053787925862
