,age,basic,capital-gain,capital-loss,education,education-num,fnlwgt,hours-per-week,marital-status,native-country,occupation,race,relationship,sex,workclass
auc,0.8236312594922518,0.8489389369110454,0.822037839331262,0.8454809037653381,0.838901024976436,0.8411184561794505,0.8441608108946108,0.8404484057040895,0.8428905633273942,0.8274651561066578,0.8412049498778877,0.8406618116572349,0.8505722419156805,0.847716662429526,0.8213002277489233
auc_diff,-0.025307677418793584,0.0,-0.02690109757978343,-0.003458033145707251,-0.010037911934609345,-0.007820480731594914,-0.00477812601643457,-0.008490531206955865,-0.006048373583651179,-0.021473780804387554,-0.007733987033157641,-0.008277125253810524,0.0016333050046350994,-0.0012222744815193476,-0.027638709162122077
