,age,capital-gain,capital-loss,education,education-num,fnlwgt,hours-per-week,marital-status,native-country,occupation,race,relationship,sex,workclass
coverage,1.0,1.0,1.0,1.0,1.0,1.0,1.0,1.0,1.0,1.0,1.0,1.0,1.0,1.0
average,1.0,1.0,1.0,1.0,1.0,1.0,1.0,1.0,1.0,1.0,1.0,1.0,1.0,1.0
unique,9.0,7.0,8.0,16.0,9.0,4.0,10.0,7.0,41.0,15.0,5.0,6.0,2.0,9.0
unique_rate,0.0008999100089991,0.0006999300069993001,0.0007999200079992001,0.0015998400159984002,0.0008999100089991,0.00039996000399960006,0.000999900009999,0.0006999300069993001,0.0040995900409959,0.0014998500149985001,0.0004999500049995,0.0005999400059994001,0.00019998000199980003,0.0008999100089991
